Date and time,Text,Image URL,Platform
2026-08-26 20:00:00,"Pulido y Vitrificado Profesional de Pavimentos 🏛️✨

En América Pulido SPA ejecutamos tratamientos integrales de nivelado, pulido y vitrificado para la restauración de pisos desgastados por el uso continuo.

🔹 Metodología Limpia: Incorporamos unidades de aspirado industrial acoplado para minimizar la emisión de partículas durante la faena.

📲 Solicite su evaluación presencial en la Región Metropolitana al WhatsApp +56 9 7868 5664.

#PulidoDePisos #Vitrificado #Restauracion #PisosChile #AmericaPulido",https://files.catbox.moe/oxieec.png,Instagram
2026-08-28 20:00:00,"Restauración y Vitrificado de Pisos de Madera de Alto Estándar 🪵✨

Devolvemos la nobleza y textura original a sus pavimentos de madera y parquet mediante procesos de desbaste diamantado y aplicación de sellantes de alta resistencia.

🔹 Preservación del Entorno: Metodología limpia que mitiga la emisión de partículas en suspensión y protege sus ambientes.

📲 Consultas y Cotizaciones: Escríbanos directamente al WhatsApp +56 9 7868 5664.

#ParquetChile #PisosDeMadera #VitrificadoProfesional #RemodelacionSantiago #LasCondes #AmericaPulido",https://files.catbox.moe/kgr9wz.png,Instagram
2026-08-30 11:00:00,"Renovación de Parquet y Pisos Nobles 🪵🏠

El paso de los años opaca la madera original de su propiedad. Con nuestra tecnología de restauración diamantada y vitrificado, recuperamos su color y protección sin necesidad de reemplazo.

🔹 Proceso limpio y controlado con aspiración continua acoplada a la maquinaria.

📲 Agende su evaluación técnica gratuita al WhatsApp +56 9 7868 5664.

#RestauracionDePisos #ParquetSantiago #PisosDeMadera #Providencia #Vitacura #AmericaPulido",https://files.catbox.moe/1zcs2a.png,Instagram
2026-08-31 20:00:00,"Protección y Sellado de Madera de Alta Resistencia 🪵🛡️

Aplicación de barnices vitrificantes de alto tráfico con acabados mate, satinado o brillante según la arquitectura de su inmueble.

🔹 Máxima durabilidad contra la humedad, rayones y desgaste diario.

📲 Cotice con nuestros especialistas al WhatsApp +56 9 7868 5664.

#VitrificadoChile #PisosResidenciales #RemodelacionCasa #SantiagoOriente #AmericaPulido",https://files.catbox.moe/d2uhr1.png,Instagram
2026-09-02 20:00:00,"Tratamiento Especializado y Refinado Diamantado de Mármol 🏛️💎

El mármol requiere intervenciones técnicas orientadas a corregir la porosidad y recuperar su nivel de reflectividad natural.

🔹 Proceso en Húmedo: Refinado de superficie con supresión de polvo para garantizar acabados cristalinos y duraderos.

📲 Coordine su visita técnica sin costo en la Región Metropolitana al WhatsApp +56 9 7868 5664.

#MarmolChile #PulidoDeMarmol #PisosDeLujo #DiseñoDeInteriores #Vitacura #AmericaPulido",https://files.catbox.moe/rhzgrz.png,Instagram
2026-09-04 08:00:00,"Hormigón Armado y Pavimentos de Alto Tráfico ⚙️🏭

Preparación y tratamiento de pisos de hormigón en instalaciones comerciales, oficinas y bodegas industriales.

🔹 Superficie Antipolvo: Densificado y sellado que incrementa la resistencia mecánica y facilita la mantenibilidad.

📲 Contacto corporativo directo al WhatsApp +56 9 7868 5664.

#HormigonPulido #PisosIndustriales #ConstruccionChile #BodegasSantiago #AmericaPulido",https://files.catbox.moe/2g4wir.png,Instagram
2026-09-06 11:00:00,"Restauración Técnica de Baldosas Graníticas y Terrazos 🏢✨

Recuperación del color original, brillo y protección de superficies desgastadas por el tránsito frecuente.

🔹 Proceso controlado sin generación de residuos molestos para sus espacios.

📲 Consulte por su superficie escribiendo al WhatsApp +56 9 7868 5664.

#BaldosasGraniticas #TerrazosChile #RestauracionPisos #SantiagoChile #AmericaPulido",https://files.catbox.moe/n29aum.png,Instagram
2026-09-07 20:00:00,"Limpieza Profunda e Higienización de Alfombras 🧼🏠

Servicio complementario de sanitización y lavado profundo de alfombras para residencias, oficinas y espacios comerciales.

🔹 Eliminación de manchas y renovación de fibras para un ambiente fresco.

📲 Agende su servicio al WhatsApp +56 9 7868 5664.

#LavadoDeAlfombras #LimpiezaProfesional #OficinasSantiago #MantencionHogar #AmericaPulido",https://files.catbox.moe/fauzyg.png,Instagram
2026-09-09 20:00:00,"Sistemas Integrales: Pulido, Sellado y Vitrificado 🏛️🛡️

El tratamiento adecuado transforma la terminación estética y prolonga la vida útil de cualquier superficie.

🔹 Evaluación presencial sin costo para determinar el esquema diamantado correcto.

📲 Escríbanos al WhatsApp +56 9 7868 5664.

#PulidoDePisos #PisosBrillantes #SantiagoRM #Remodelacion #AmericaPulido",https://files.catbox.moe/cj849b.png,Instagram
2026-09-11 20:00:00,"Terminaciones de Alto Brillo y Larga Durabilidad 💎✨

Nuestros procesos aseguran resistencia frente al tráfico continuo y fácil conservación diaria.

🔹 Trabajos limpios con contención de residuos en obra o vivienda.

📲 Cotización inmediata al WhatsApp +56 9 7868 5664.

#PisosDuraderos #PisosImpecables #VitrificadoProfesional #AmericaPulido",https://files.catbox.moe/lpo77g.png,Instagram
2026-09-13 11:00:00,"América Pulido SPA: Especialistas en Restauración de Pavimentos 🏆🏛️

Servicios de excelencia para clientes residenciales, comerciales e industriales en toda la Región Metropolitana.

🔹 Pulido diamantado, vitrificado, densificado y tratamiento de piedra natural.

📲 Solicite su visita técnica presencial sin costo al WhatsApp +56 9 7868 5664.

#AmericaPulido #ExpertosEnPisos #PulidoChile #RemodelacionRM #PisosDeLujo",https://files.catbox.moe/7dhl4k.png,Instagram
2026-09-14 20:00:00,"Terminación Profesional para Espacios Comerciales e Institucionales 🏢✨

Soluciones eficientes para locales, recepciones y pasillos de alto flujo peatonal.

🔹 Protocolos de trabajo que garantizan limpieza y mínimo impacto operativo.

📲 Cotice con nuestro equipo al WhatsApp +56 9 7868 5664.

#LocalesComerciales #PisosComerciales #SantiagoCentro #LasCondes #AmericaPulido",https://files.catbox.moe/97eczt.png,Instagram
2026-09-16 08:00:00,"Densificación y Pulido de Hormigón para Pavimentos Industriales 🏭⚡

Optimizamos las propiedades mecánicas de sus pavimentos de hormigón en bodegas, galpones y locales comerciales.

⚙️ Tratamiento Antipolvo: Neutralizamos el desprendimiento de partículas, facilitando la mantenibilidad y soportando alto tráfico operacional.
🏢 Emitimos factura y entregamos garantía técnica por escrito.

📲 Atención Corporativa: Contacto directo vía WhatsApp al +56 9 7868 5664.

#HormigonPulido #PisosIndustriales #BodegasChile #ConstruccionRM #GalponesSantiago #AmericaPulido",https://files.catbox.moe/89u0io.png,Instagram
2026-09-18 20:00:00,"Restauración que Desplaza el Paso del Tiempo ➡️✨

Antes de contemplar la demolición o cambio de sus pavimentos, consulte por nuestra restauración diamantada.

🔹 Cuesta una fracción de un piso nuevo y conserva la piedra o madera original.
🎁 Visita técnica de evaluación 100% gratuita en Santiago.

📲 Envíenos fotos de su piso al WhatsApp +56 9 7868 5664.

#AntesYDespues #RestauracionPisos #RemodelacionCasa #SantiagoChile #AmericaPulido",https://files.catbox.moe/ormxl8.png,Instagram
2026-09-20 11:00:00,"Tratamiento Multisuperficie: Mármol, Hormigón y Piedra Natural 💎🏢

Soluciones a la medida según la densidad y estado de cada pavimento.

🔹 Mármol: Brillo espejo cristalino.
🔹 Hormigón: Máxima resistencia mecánica.
🔹 Piedra: Renovación profunda de la tonalidad natural.

📲 Agenda de servicio al WhatsApp +56 9 7868 5664.

#PiedraNatural #Marmol #Hormigon #PulidoProfesional #AmericaPulido",https://files.catbox.moe/755vpw.png,Instagram
2026-09-21 20:00:00,"Refinado de Alta Reflectividad en Mármol y Terrazos 🏛️✨

Acabados cristalinos de alta gama para proyectos residenciales y corporativos.

🔹 Procesos diamantados en húmedo que garantizan ausencia de polvo en el ambiente.

📲 Presupuestos sin compromiso al WhatsApp +56 9 7868 5664.

#BrilloEspejo #MarmolDeLujo #Terrazos #SantiagoOriente #AmericaPulido",https://files.catbox.moe/2h89he.png,Instagram
2026-09-23 08:30:00,"Acondicionamiento de Superficies para el Sector Hotelero y Comercial 🏨✨

Elevamos el estándar estético de sus recepciones, pasillos y áreas comunes con soluciones de vitrificado de alta durabilidad.

🌟 Planificación Flexible: Programación de trabajos adaptada a los flujos operativos de su establecimiento.

📲 Cotizaciones Corporativas: Solicite su presupuesto al WhatsApp +56 9 7868 5664.

#HotelesChile #HostalesSantiago #TurismoChile #AdministracionHotelera #AmericaPulido",https://files.catbox.moe/vkig7w.png,Instagram
2026-09-25 20:00:00,"Eliminación de Manchas, Opacidad y Sellado Protector 🛡️✨

Restaure la pulcritud de sus pisos afectados por agentes químicos o desgaste por uso.

🔹 Sellados de alta penetración que evitan absorción de líquidos.

📲 Consultas vía WhatsApp al +56 9 7868 5664.

#SelladoDePisos #ProteccionSuperficies #MantencionPisos #AmericaPulido",https://files.catbox.moe/pwzace.png,Instagram
2026-09-27 11:00:00,"Recuperación de Opacidad y Brillo Perdido 🌟✨

Devolvemos la luminosidad a superficies desgastadas mediante refinado diamantado progresivo.

🔹 Proceso eficiente con contención de residuos.

📲 Visita técnica gratuita al WhatsApp +56 9 7868 5664.

#RecuperacionDePisos #PisosNuevos #SantiagoChile #AmericaPulido",https://files.catbox.moe/29kl02.png,Instagram
2026-09-28 20:00:00,"Solución Inmediata para Pavimentos Dañados o Rayados 🛠️⚡

Intervención técnica rápida para reparar rayones profundos y pérdida de recubrimiento.

🔹 Resultados visibles en el menor tiempo posible.

📲 Contacto WhatsApp al +56 9 7868 5664.

#ReparacionPisos #PulidoUrgente #ServiciosSantiago #AmericaPulido",https://files.catbox.moe/4vbxa1.png,Instagram
2026-09-30 20:00:00,"Soluciones de Pulido y Vitrificado para Departamentos 🏢✨

Maquinaria adaptada para intervenir áreas residenciales con un control riguroso de ruido y contención de residuos.

🔹 Cobertura en Las Condes, Providencia, Vitacura, Lo Barnechea, Ñuñoa y Santiago Centro.

📲 Agenda de Visita Técnica: WhatsApp directo +56 9 7868 5664.

#DepartamentosSantiago #RemodelacionDepto #PulidoPisos #Providencia #LasCondes #AmericaPulido",https://files.catbox.moe/42ud0m.png,Instagram
